{
  "object": {
    "title": {
      "main": {
        "color": "@TitleColor",
        "fontSize": "@TitleSize"
      },
      "subTitle": {
        "color": "@SubtitleColor",
        "fontSize": "@SubtitleSize"
      },
      "footer": {
        "color": "@FooterColor",
        "fontSize": "@FooterSize",
        "backgroundColor": "#ffffff"
      }
    },
    "label": {
      "name": {
        "color": "@TitleColor",
        "fontSize": "@TitleSize"
      },
      "value": {
        "color": "@TitleColor",
        "fontSize": "@TitleSize"
      }
    },
    "axis": {
      "title": {
        "color": "@TextColor",
        "fontSize": "@TextSize"
      },
      "label": {
        "name": {
          "color": "@TextColor",
          "fontSize": "@TextSize"
        }
      },
      "line": {
        "major": {
          "color": "#f6f6f6"
        },
        "minor": {
          "color": "#f6f6f6"
        }
      }
    },
    "grid": {
      "line": {
        "highContrast": {
          "color": "#f6f6f6"
        },
        "major": {
          "color": "#f6f6f6"
        },
        "minor": {
          "color": "#f6f6f6"
        }
      }
    },
    "referenceLine": {
      "label": {
        "name": {
          "color": "@TextColor",
          "fontSize": "@TextSize"
        }
      },
      "outOfBounds": {
        "color": "@TextColor",
        "backgroundColor": "#f6f6f6",
        "fontSize": "@TextSize"
      }
    },
    "legend": {
      "title": {
        "color": "@TextColor",
        "fontSize": "@TextSize"
      },
      "label": {
        "color": "@TextColor",
        "fontSize": "@TextSize"
      }
    }
  },
  "dataColors": {
    "primaryColor": "#000f1f",
    "othersColor": "#336399",
    "errorColor": "#cc4000",
    "nullColor": "#f6f6f6"
  },
  "palettes": {
    "data": [
      {
        "scale": [
          "#000f1f",
          "#336399",
          "#4781C2",
          "#d7b981",
          "#231F20",
          "#363031",
          "#413A3B",
          "#4C4345",
		  "#564D4F",
          "#827377"
        ],
        "_id": "5ab11141be1a68155e395ff4",
        "name": "Mixed",
        "translation": "",
        "propertyValue": "w4rxad",
        "type": "row"
      },
      {
        "scale": [
          "#000f1f",
          "#00a334",
          "#a30034"
        ],
        "_id": "5aba3b0d16fa1c02fb7a370f",
        "name": "Stoplight",
        "translation": "",
        "propertyValue": "g6ppan",
        "type": "row"
      },
	  {
        "scale": [
          "#a30034",
          "#00a334"
        ],
        "_id": "61e1a73287a95f037811d428",
        "name": "Red-Green",
        "translation": "",
        "propertyValue": "71cvhh",
        "type": "row"
      },
      {
        "scale": [
          "#00a334",
          "#a30034"
        ],
        "_id": "61e1a73287a95f037811d429",
        "name": "Green-Red",
        "translation": "",
        "propertyValue": "3ayjdl",
        "type": "row"
      },
      {
        "scale": [
          "#000f1f",
          "#d7b981"
        ],
        "_id": "5aba5f9616fa1c02fb7a3710",
        "name": "2 Colors",
        "translation": "",
        "propertyValue": "gbyqw",
        "type": "row"
      },
      {
        "scale": [
          "#336399",
          "#000f1f",
          "#d7b981"
        ],
        "_id": "617bf70087a95f037811d187",
        "name": "3 Colors",
        "translation": "",
        "propertyValue": "wvszpf",
        "type": "row"
      },
      {
        "scale": [
          "#336399",
          "#000f1f",
          "#d7b981",
          "#E7D4B1"
        ],
        "_id": "617bf70087a95f037811d188",
        "name": "4 Colors",
        "translation": "",
        "propertyValue": "mjde9j",
        "type": "row"
      },
      {
        "scale": [
          "#000f1f",
          "#274b74",
          "#2e5889",
          "#34659d",
          "#3b72b2",
          "#4780c2",
          "#5b8ec8",
          "#709ccf",
          "#84aad6",
          "#99b8dd"
        ],
        "_id": "5b1fbed945419e1c43ddc48c",
        "name": "Palette #01",
        "translation": "",
        "propertyValue": "oyuj2d",
        "type": "row"
      },
      {
        "scale": [
          "#d7b981",
          "#d9bd88",
          "#dcc291",
          "#dfc79b",
          "#e2cca4",
          "#e5d1ad",
          "#e8d6b6",
          "#ebdbbf",
          "#eee1c8",
          "#f1e6d1"
        ],
        "_id": "617bf0fd87a95f037811d0eb",
        "name": "Palette #02",
        "translation": "",
        "propertyValue": "gua2z4",
        "type": "row"
      }
    ],
    "ui": [
      {
        "colors": [
          "#000f1f",
          "#274b74",
          "#2e5889",
          "#d7b981",
          "#231f20",
          "#484544",
		  "#cfc9ca",
          "#f6f6f6",
          "#ffffff",
          "#00a334",
          "#e08e00",
          "#a30034"
        ],
        "_id": "5aaaf280c3762a02fb903f51",
        "name": "Default"
      }
    ]
  },
  "scales": [
    {
      "scale": [
		"#000f1f",
		"#274b74",
		"#2e5889",
		"#34659d",
		"#3b72b2",
		"#4780c2",
		"#5b8ec8",
		"#709ccf",
		"#84aad6",
		"#99b8dd"
      ],
      "_id": "5aaaf280c3762a02fb903f56",
      "name": "Class Palette #01",
      "translation": "",
      "type": "class",
      "propertyValue": "0cccrk"
    },
    {
      "scale": [
		"#d7b981",
		"#d9bd88",
		"#dcc291",
		"#dfc79b",
		"#e2cca4",
		"#e5d1ad",
		"#e8d6b6",
		"#ebdbbf",
		"#eee1c8",
		"#f1e6d1"
      ],
      "_id": "5aaaf280c3762a02fb903f55",
      "name": "Class Palette #02",
      "translation": "",
      "type": "class",
      "propertyValue": "mkzp3"
    },
    {
      "scale": [
        "#000f1f",
        "#99b8dd"
      ],
      "_id": "617bf54987a95f037811d141",
      "name": "Gradient Palette #01",
      "translation": "",
      "type": "gradient",
      "propertyValue": "d0fnjf"
    },
    {
      "scale": [
        "#d7b981",
        "#f1e6d1"
      ],
      "_id": "617bf54987a95f037811d142",
      "name": "Gradient Palette #02",
      "translation": "",
      "type": "gradient",
      "propertyValue": "1iaxd"
    }
  ],
  "_inherit": true,
  "_variables": {
    "@TitleSize": "15px",
    "@SubtitleSize": "13px",
    "@TextSize": "11px",
    "@FooterSize": "10px",
    "@TitleColor": "#000f1f",
    "@SubtitleColor": "#000f1f",
    "@TextColor": "#000f1f",
    "@FooterColor": "#000f1f",
    "@BackgroundColor": "#ffffff",
    "@AxisMajorColor": "#f6f6f6",
    "@AxisMinorColor": "#f6f6f6"
  },
  "customStyles": [
        {
            "cssRef": "theme.css"
        }
  ],  
  "color": "@TextColor",
  "fontSize": "@TextSize",
  "backgroundColor": "@BackgroundColor"
}